date,username,text,party,labels,year,era,is_edge_case,pred_leaning,pred_stance,confidence,reasoning,raw_response,parse_error,mode
2022-08-02 02:25:08,RepLoudermilk,"[1/2] The killing of Ayman Al Zawahiri, the current leader of al Qaeda, and a man who helped plan 9/11, makes the world safer.",Republican,0,2022,biden-era,False,Democrat,Establishment,75,"The measured, security-establishment framing of counterterrorism success is characteristic of Democratic senators during the Biden administration's foreign policy messaging.","{
  ""leaning"": ""Democrat"",
  ""stance"": ""Establishment"",
  ""confidence"": 75,
  ""reasoning"": ""The measured, security-establishment framing of counterterrorism success is characteristic of Democratic senators during the Biden administration's foreign policy messaging.""
}",False,zero-shot
2021-03-17 16:19:41,SenShelby,"As we state in the letter, the Presidents actions directly contributed to this unfortunate, yet entirely avoidable, scenario, and are a blatant violation of federal law and infringe on Congresss constitutional power of the purse.",Republican,0,2021,biden-era,False,Democrat,Establishment,75,"The tweet criticizes a President's executive action as unconstitutional and a violation of congressional power, language typical of opposition party establishment figures defending institutional checks and balances.","{
  ""leaning"": ""Democrat"",
  ""stance"": ""Establishment"",
  ""confidence"": 75,
  ""reasoning"": ""The tweet criticizes a President's executive action as unconstitutional and a violation of congressional power, language typical of opposition party establishment figures defending institutional checks and balances.""
}",False,zero-shot
2022-10-20 21:43:35,RepCuellar,"Today, I hosted a webinar on federal funding for local law enforcement with officials from    and…",Democrat,1,2022,biden-era,False,Republican,Establishment,25,"Focus on law enforcement funding suggests conservative priorities, but the incomplete context and procedural nature of the tweet provide insufficient evidence for reliable classification.","{
  ""leaning"": ""Republican"",
  ""stance"": ""Establishment"",
  ""confidence"": 25,
  ""reasoning"": ""Focus on law enforcement funding suggests conservative priorities, but the incomplete context and procedural nature of the tweet provide insufficient evidence for reliable classification.""
}",False,zero-shot
2021-11-30 14:58:54,SenBillCassidy,Seems like BBB stands for: ig Government eing in your business illionaire tax breaks,Republican,0,2021,biden-era,False,Democrat,Populist,85,"The tweet criticizes big government overreach and millionaire/billionaire tax breaks, reflecting populist Democratic criticism of wealthy interests and corporate favoritism.","{
  ""leaning"": ""Democrat"",
  ""stance"": ""Populist"",
  ""confidence"": 85,
  ""reasoning"": ""The tweet criticizes big government overreach and millionaire/billionaire tax breaks, reflecting populist Democratic criticism of wealthy interests and corporate favoritism.""
}",False,zero-shot
2021-10-05 13:53:39,SenatorRomney,"Receiving this terrible news with a heavy heart. My prayers are with Mafatinis family, teammates, and friends.",Republican,0,2021,biden-era,True,Unknown,Unknown,5,"This is a condolence message about someone's death that contains no political content, policy positions, or partisan language.","{
  ""leaning"": ""Unknown"",
  ""stance"": ""Unknown"",
  ""confidence"": 5,
  ""reasoning"": ""This is a condolence message about someone's death that contains no political content, policy positions, or partisan language.""
}",False,zero-shot
2022-10-26 20:43:44,RepGregStanton,Technology is improving the way law enforcement protects and serves our community—and it's innovative companies lik…,Democrat,1,2022,biden-era,False,Republican,Establishment,35,"The tweet's pro-technology and pro-business framing suggests Republican alignment, but the incomplete nature and focus on law enforcement service makes confidence low without more context.","{
  ""leaning"": ""Republican"",
  ""stance"": ""Establishment"",
  ""confidence"": 35,
  ""reasoning"": ""The tweet's pro-technology and pro-business framing suggests Republican alignment, but the incomplete nature and focus on law enforcement service makes confidence low without more context.""
}",False,zero-shot
2022-10-13 21:05:59,RepBrownley,As we celebrate the 247th birthday of the  we honor those who have served in the Sailor’s uniform. We are f…,Democrat,1,2022,biden-era,False,Republican,Establishment,25,"This patriotic tweet celebrating Independence Day and military service is too generic to classify with confidence, as both parties honor veterans and the nation's birthday.","{
  ""leaning"": ""Republican"",
  ""stance"": ""Establishment"",
  ""confidence"": 25,
  ""reasoning"": ""This patriotic tweet celebrating Independence Day and military service is too generic to classify with confidence, as both parties honor veterans and the nation's birthday.""
}",False,zero-shot
2022-11-28 17:08:26,RepRubenGallego,"We don't have a democracy if an election is only fair if your team wins.

I will always stand for free and fair ele…",Democrat,1,2022,biden-era,False,Republican,Populist,65,"The tweet's framing of election fairness as contingent on outcome and invocation of populist 'fair elections' rhetoric aligns with Republican messaging, though the sentiment could appeal across the spectrum.","{
  ""leaning"": ""Republican"",
  ""stance"": ""Populist"",
  ""confidence"": 65,
  ""reasoning"": ""The tweet's framing of election fairness as contingent on outcome and invocation of populist 'fair elections' rhetoric aligns with Republican messaging, though the sentiment could appeal across the spectrum.""
}",False,zero-shot
2021-12-22 21:57:51,SenatorCarper,"The U.S. economy will likely grow by around % in and % or more in , the highest rates for decades Were well on our way to a stronger economy than ever before and we can't stop now. As  would say, keep the faith.",Democrat,1,2021,biden-era,False,Republican,Establishment,72,"The tweet emphasizes economic growth statistics and continuity of current policies, typical of establishment Republicans defending incumbent administration performance.","{
  ""leaning"": ""Republican"",
  ""stance"": ""Establishment"",
  ""confidence"": 72,
  ""reasoning"": ""The tweet emphasizes economic growth statistics and continuity of current policies, typical of establishment Republicans defending incumbent administration performance.""
}",False,zero-shot
2022-05-18 18:37:58,CongressmanGT,"For 57 years, Head Start has given every child – regardless of circumstances at birth – a chance to succeed in scho…",Republican,0,2022,biden-era,False,Democrat,Establishment,75,"Support for Head Start, a well-established federal social program, reflects traditional Democratic emphasis on government-funded education and social equity initiatives.","{
  ""leaning"": ""Democrat"",
  ""stance"": ""Establishment"",
  ""confidence"": 75,
  ""reasoning"": ""Support for Head Start, a well-established federal social program, reflects traditional Democratic emphasis on government-funded education and social equity initiatives.""
}",False,zero-shot
2022-08-11 17:36:06,RepMcCaul,"As the author of the CHIPS for America Act, I fought for over 2 years to push this bill across the finish line. Wit…",Republican,0,2022,biden-era,False,Democrat,Establishment,45,"The tweet references authoring major legislation (CHIPS Act), suggesting establishment credentials, but lacks partisan indicators to determine party affiliation with high confidence.","{
  ""leaning"": ""Democrat"",
  ""stance"": ""Establishment"",
  ""confidence"": 45,
  ""reasoning"": ""The tweet references authoring major legislation (CHIPS Act), suggesting establishment credentials, but lacks partisan indicators to determine party affiliation with high confidence.""
}",False,zero-shot
2021-07-12 20:18:37,repdavidscott,Applications are open now for #GA13 students seeking a Congressional nomination to attend a military academy in 202…,Democrat,1,2021,biden-era,False,Republican,Establishment,35,"The tweet announces a routine constituent service (military academy nominations) typical of any representative, but the GA13 reference suggests a Republican district representative with insufficient ideological content for confident classification.","{
  ""leaning"": ""Republican"",
  ""stance"": ""Establishment"",
  ""confidence"": 35,
  ""reasoning"": ""The tweet announces a routine constituent service (military academy nominations) typical of any representative, but the GA13 reference suggests a Republican district representative with insufficient ideological content for confident classification.""
}",False,zero-shot
2022-10-07 20:48:00,RepDanKildee,"Thrilled to join  at the ribbon cutting for a new stretch of I-69!

I passed the…",Democrat,1,2022,biden-era,False,Republican,Establishment,25,"Infrastructure project celebration is non-partisan, but the formal tone and focus on legislative accomplishment slightly suggests establishment Republican, though insufficient context limits confidence.","{
  ""leaning"": ""Republican"",
  ""stance"": ""Establishment"",
  ""confidence"": 25,
  ""reasoning"": ""Infrastructure project celebration is non-partisan, but the formal tone and focus on legislative accomplishment slightly suggests establishment Republican, though insufficient context limits confidence.""
}",False,zero-shot
2021-03-30 16:00:17,SenJoniErnst,It is my hope that each and every young womanno matter their hometown or backgroundwill see the potential that lies ahead and will always be grateful for the trailblazers who have gone before us. #WomensHistoryMonth,Republican,0,2021,biden-era,False,Democrat,Establishment,72,"The emphasis on celebrating women's rights, trailblazers, and inclusivity across socioeconomic backgrounds reflects Democratic messaging, though the tone is notably establishment and institutional rather than populist.","{
  ""leaning"": ""Democrat"",
  ""stance"": ""Establishment"",
  ""confidence"": 72,
  ""reasoning"": ""The emphasis on celebrating women's rights, trailblazers, and inclusivity across socioeconomic backgrounds reflects Democratic messaging, though the tone is notably establishment and institutional rather than populist.""
}",False,zero-shot
2021-08-09 00:05:05,lisamurkowski,"A resolution to honor the late Senator Mike Gravel of Alaska passed the Senate by unanimous consent last night. Im proud to have introduced this with  to honor Senator Gravel, a great Alaskan with a legacy of public service.",Republican,0,2021,biden-era,True,Democrat,Establishment,45,"The tweet honors a deceased senator in a bipartisan manner, making partisan classification difficult, but Mike Gravel was a prominent Democrat and the introducer likely shares that affiliation.","{
  ""leaning"": ""Democrat"",
  ""stance"": ""Establishment"",
  ""confidence"": 45,
  ""reasoning"": ""The tweet honors a deceased senator in a bipartisan manner, making partisan classification difficult, but Mike Gravel was a prominent Democrat and the introducer likely shares that affiliation.""
}",False,zero-shot
2022-06-10 22:35:25,RepMarcyKaptur,"On the 61st anniversary of the Anthony Wayne Trail Fire, we honor the fallen of  who so selflessly gave…",Democrat,1,2022,biden-era,False,Republican,Establishment,25,This is a commemorative tweet about fallen firefighters with insufficient partisan content to classify with confidence; the low confidence reflects the non-partisan nature of memorial statements.,"{
  ""leaning"": ""Republican"",
  ""stance"": ""Establishment"",
  ""confidence"": 25,
  ""reasoning"": ""This is a commemorative tweet about fallen firefighters with insufficient partisan content to classify with confidence; the low confidence reflects the non-partisan nature of memorial statements.""
}",False,zero-shot
2022-09-19 13:16:57,RepMarkPocan,"A lot of people want to know the secrets behind a magician’s trick. In this throwback #MagicMonday, I show you how…",Democrat,1,2022,biden-era,False,Unknown,Unknown,5,"This tweet contains no political content and appears to be about a magic trick, making classification impossible.","{
  ""leaning"": ""Unknown"",
  ""stance"": ""Unknown"",
  ""confidence"": 5,
  ""reasoning"": ""This tweet contains no political content and appears to be about a magic trick, making classification impossible.""
}",False,zero-shot
2021-04-22 22:42:14,lisamurkowski,"This bill recognizes the Alaska section of the Chilkoot Trail as a National Historic Trail, which served as a Tlingit trade route prior to the gold rush.",Republican,0,2021,biden-era,True,Democrat,Establishment,35,"The focus on indigenous history and cultural preservation suggests Democratic priorities, but the nonpartisan nature of heritage legislation makes classification unreliable.","{
  ""leaning"": ""Democrat"",
  ""stance"": ""Establishment"",
  ""confidence"": 35,
  ""reasoning"": ""The focus on indigenous history and cultural preservation suggests Democratic priorities, but the nonpartisan nature of heritage legislation makes classification unreliable.""
}",False,zero-shot
2023-01-25 15:52:09,RepSmucker,I appreciated meeting with faith leaders from Pennsylvania’s 11th District to discuss policies to improve our envir…,Republican,0,2023,biden-era,False,Democrat,Establishment,45,"Environmental focus and faith leader engagement suggests Democratic values, but limited content prevents high confidence classification.","{
  ""leaning"": ""Democrat"",
  ""stance"": ""Establishment"",
  ""confidence"": 45,
  ""reasoning"": ""Environmental focus and faith leader engagement suggests Democratic values, but limited content prevents high confidence classification.""
}",False,zero-shot
2021-12-13 21:21:19,SenStabenow,I was proud to show her the broad community support for our Hometown Air Base in Southeast Michigan and the dedicated men and women who serve our country.,Democrat,1,2021,biden-era,False,Republican,Establishment,35,"The tweet emphasizes military support and community pride, which are common themes across both parties, but the formal tone and focus on institutional patriotism slightly suggests establishment conservatism.","{
  ""leaning"": ""Republican"",
  ""stance"": ""Establishment"",
  ""confidence"": 35,
  ""reasoning"": ""The tweet emphasizes military support and community pride, which are common themes across both parties, but the formal tone and focus on institutional patriotism slightly suggests establishment conservatism.""
}",False,zero-shot
2022-03-28 20:53:55,RepGregoryMeeks,I had the privilege to visit  and meet  students studying American Government. The conversa…,Democrat,1,2022,biden-era,False,Unknown,Unknown,5,"Tweet is incomplete and contains no substantive political content, policy positions, or partisan language to enable classification.","{
  ""leaning"": ""Unknown"",
  ""stance"": ""Unknown"",
  ""confidence"": 5,
  ""reasoning"": ""Tweet is incomplete and contains no substantive political content, policy positions, or partisan language to enable classification.""
}",False,zero-shot
2021-12-20 23:31:31,SenatorHassan,"In today's world, protecting our national security means strengthening our cybersecurity defenses. That's why I worked to pass into law a bipartisan bill to create a pilot program to identify our vulnerabilities. Now that program is permanent:",Democrat,1,2021,biden-era,False,Republican,Establishment,45,"The focus on national security and cybersecurity infrastructure aligns with conservative priorities, though the bipartisan approach and technical policy focus lack strong partisan signals.","{
  ""leaning"": ""Republican"",
  ""stance"": ""Establishment"",
  ""confidence"": 45,
  ""reasoning"": ""The focus on national security and cybersecurity infrastructure aligns with conservative priorities, though the bipartisan approach and technical policy focus lack strong partisan signals.""
}",False,zero-shot
2021-05-25 18:04:48,SenAngusKing,"In recent years, weve received wake-up call after wake-up call telling us to improve our cybersecurity yet our defenses are still inadequate. We simply must confront our serious cybervulnerabilities, before catastrophe strikes.",Democrat,1,2021,biden-era,True,Republican,Establishment,45,"The focus on national security infrastructure and cybersecurity aligns with traditional establishment Republican concerns, though this could equally reflect a bipartisan security-focused senator.","{
  ""leaning"": ""Republican"",
  ""stance"": ""Establishment"",
  ""confidence"": 45,
  ""reasoning"": ""The focus on national security infrastructure and cybersecurity aligns with traditional establishment Republican concerns, though this could equally reflect a bipartisan security-focused senator.""
}",False,zero-shot
2022-09-11 19:20:41,RepFischbach,"21 years ago today, our nation suffered a horrendous terror attack. We will never forget the pain inflicted on this…",Republican,0,2022,biden-era,False,Democrat,Establishment,25,"This is a generic 9/11 memorial tweet that could be posted by any senator from either party, lacking distinctive partisan or ideological markers.","{
  ""leaning"": ""Democrat"",
  ""stance"": ""Establishment"",
  ""confidence"": 25,
  ""reasoning"": ""This is a generic 9/11 memorial tweet that could be posted by any senator from either party, lacking distinctive partisan or ideological markers.""
}",False,zero-shot
2022-11-11 00:39:58,RepDebDingell,"Today marks 247 years of the 
 
To our nation’s brave Marines & their families, thank you for your many sacri…",Democrat,1,2022,biden-era,False,Republican,Establishment,45,"Generic patriotic tribute to Marines lacks distinctive partisan markers, though Republican senators typically emphasize military gratitude more frequently in public messaging.","{
  ""leaning"": ""Republican"",
  ""stance"": ""Establishment"",
  ""confidence"": 45,
  ""reasoning"": ""Generic patriotic tribute to Marines lacks distinctive partisan markers, though Republican senators typically emphasize military gratitude more frequently in public messaging.""
}",False,zero-shot
2022-03-03 18:41:51,RepGarbarino,"This week I introduced the Cybersecurity Grants For Schools Act, which would authorize the Director of  to…",Republican,0,2022,biden-era,False,Democrat,Establishment,25,"The tweet is incomplete and focuses on routine legislative work (school cybersecurity grants), providing insufficient partisan or ideological signals for high-confidence classification.","{
  ""leaning"": ""Democrat"",
  ""stance"": ""Establishment"",
  ""confidence"": 25,
  ""reasoning"": ""The tweet is incomplete and focuses on routine legislative work (school cybersecurity grants), providing insufficient partisan or ideological signals for high-confidence classification.""
}",False,zero-shot
2021-02-25 19:48:59,lisamurkowski,"The complex landscape of Alaska Native representation includes the federally recognized tribes, Alaska Native corporations, and Alaska Native regional non-profit organizations. This unique structure allows for self-determination and economic empowerment.",Republican,0,2021,biden-era,True,Democrat,Establishment,35,"The focus on federal recognition, self-determination, and structured tribal governance suggests establishment Democratic values around indigenous policy, though the moderate tone and lack of partisan language limits confidence.","{
  ""leaning"": ""Democrat"",
  ""stance"": ""Establishment"",
  ""confidence"": 35,
  ""reasoning"": ""The focus on federal recognition, self-determination, and structured tribal governance suggests establishment Democratic values around indigenous policy, though the moderate tone and lack of partisan language limits confidence.""
}",False,zero-shot
2021-12-18 23:18:07,SenRonJohnson,Wishing  good luck in the championship game tonight. Go get em Bucky!,Republican,0,2021,biden-era,False,Unknown,Unknown,0,"This tweet contains no political content and is purely a sports support message, making political classification impossible.","{
  ""leaning"": ""Unknown"",
  ""stance"": ""Unknown"",
  ""confidence"": 0,
  ""reasoning"": ""This tweet contains no political content and is purely a sports support message, making political classification impossible.""
}",False,zero-shot
2021-05-11 16:53:58,lisamurkowski,The message I shared during an August hearing for the Senate Energy and Natural Resources Committee on the importance of improving the #cybersecurity of the #energy sector remains true today.,Republican,0,2021,biden-era,True,Unknown,Establishment,25,"The tweet discusses committee work on energy sector cybersecurity, which is non-partisan technical governance with no clear ideological signaling that would reliably indicate party affiliation.","{
  ""leaning"": ""Unknown"",
  ""stance"": ""Establishment"",
  ""confidence"": 25,
  ""reasoning"": ""The tweet discusses committee work on energy sector cybersecurity, which is non-partisan technical governance with no clear ideological signaling that would reliably indicate party affiliation.""
}",False,zero-shot
2021-04-13 00:54:17,HawleyMO,"Monopoly and liberty dont go together. No corporation should be so big and so powerful that it can override the voice of the people. We need a new trust busting agenda, from MLB to #BigTech",Republican,0,2021,biden-era,True,Democrat,Populist,85,"Anti-monopoly rhetoric and populist language about corporations overriding the people's voice aligns with progressive Democratic populism, particularly echoing Bernie Sanders' style.","{
  ""leaning"": ""Democrat"",
  ""stance"": ""Populist"",
  ""confidence"": 85,
  ""reasoning"": ""Anti-monopoly rhetoric and populist language about corporations overriding the people's voice aligns with progressive Democratic populism, particularly echoing Bernie Sanders' style.""
}",False,zero-shot
2023-01-04 17:00:30,DonaldNorcross,"I’m proud that my bill, the BRAVE Act, was included in the FY23 omnibus to support those men and women who defend o…",Democrat,1,2023,biden-era,False,Republican,Establishment,45,"Support for military funding through omnibus legislation is bipartisan, but the formal legislative approach and emphasis on defense spending align slightly with traditional Republican priorities, though insufficient context limits confidence.","{
  ""leaning"": ""Republican"",
  ""stance"": ""Establishment"",
  ""confidence"": 45,
  ""reasoning"": ""Support for military funding through omnibus legislation is bipartisan, but the formal legislative approach and emphasis on defense spending align slightly with traditional Republican priorities, though insufficient context limits confidence.""
}",False,zero-shot
2023-02-11 17:11:39,RepTenney,My weekly newsletter is out! Click the link to read more about my work in Washington and across #NY24.,Republican,0,2023,biden-era,False,Democrat,Establishment,25,"The tweet is too generic and non-political to classify with confidence; it only mentions a newsletter about work in Washington and New York, with no ideological content.","{
  ""leaning"": ""Democrat"",
  ""stance"": ""Establishment"",
  ""confidence"": 25,
  ""reasoning"": ""The tweet is too generic and non-political to classify with confidence; it only mentions a newsletter about work in Washington and New York, with no ideological content.""
}",False,zero-shot
2021-11-12 17:24:14,maziehirono,"A true patriot,  is the definition of perseverance and strength. It is an honor to call her my colleague in the Senate, and more importantly, my dear friend.",Democrat,1,2021,biden-era,False,Unknown,Establishment,25,"The tweet expresses collegial respect and friendship without partisan content, policy positions, or identifying characteristics that would indicate party affiliation.","{
  ""leaning"": ""Unknown"",
  ""stance"": ""Establishment"",
  ""confidence"": 25,
  ""reasoning"": ""The tweet expresses collegial respect and friendship without partisan content, policy positions, or identifying characteristics that would indicate party affiliation.""
}",False,zero-shot
2022-09-27 16:20:07,rosadelauro,"We must protect our supply chains and national security from foreign adversaries like China and Russia.

Today, I j…",Democrat,1,2022,biden-era,False,Republican,Establishment,72,"The focus on supply chain security and naming China/Russia as adversaries reflects typical Republican foreign policy rhetoric, while the measured tone suggests establishment rather than populist orientation.","{
  ""leaning"": ""Republican"",
  ""stance"": ""Establishment"",
  ""confidence"": 72,
  ""reasoning"": ""The focus on supply chain security and naming China/Russia as adversaries reflects typical Republican foreign policy rhetoric, while the measured tone suggests establishment rather than populist orientation.""
}",False,zero-shot
2021-06-29 20:37:30,SenatorHassan,"Did you know that my office can help you navigate issues with federal agencies? From veterans services to social security benefits, we are here to help. Check out our new series on constituent success stories to see examples of how we can help you!",Democrat,1,2021,biden-era,False,Unknown,Establishment,25,"This is a generic constituent services announcement with no partisan messaging, policy positions, or ideological cues that would indicate party affiliation.","{
  ""leaning"": ""Unknown"",
  ""stance"": ""Establishment"",
  ""confidence"": 25,
  ""reasoning"": ""This is a generic constituent services announcement with no partisan messaging, policy positions, or ideological cues that would indicate party affiliation.""
}",False,zero-shot
2021-02-02 02:17:06,SenatorCollins,"Talks between our group and  the administration will continue as we work in good faith on a sixth bipartisan package to help struggling families, get students back to school, assist small businesses and employees, support healthcare providers, and  accelerate testing and  vaccine programs",Republican,0,2021,biden-era,True,Democrat,Establishment,72,"The emphasis on bipartisan cooperation, government assistance programs, and healthcare support aligns with establishment Democratic priorities, though the bipartisan framing suggests a moderate/centrist approach.","{
  ""leaning"": ""Democrat"",
  ""stance"": ""Establishment"",
  ""confidence"": 72,
  ""reasoning"": ""The emphasis on bipartisan cooperation, government assistance programs, and healthcare support aligns with establishment Democratic priorities, though the bipartisan framing suggests a moderate/centrist approach.""
}",False,zero-shot
2022-08-03 20:35:29,RepMrvan,I am deeply saddened to learn of the sudden passing of my Indiana colleague and Congressional-district neighbor Rep. Jackie Walorski.,Democrat,1,2022,biden-era,False,Republican,Establishment,45,"The tweet is a respectful condolence about a Republican colleague from Indiana, but lacks partisan content making classification uncertain.","{
  ""leaning"": ""Republican"",
  ""stance"": ""Establishment"",
  ""confidence"": 45,
  ""reasoning"": ""The tweet is a respectful condolence about a Republican colleague from Indiana, but lacks partisan content making classification uncertain.""
}",False,zero-shot
2022-09-20 14:27:35,RepSpartz,Thousands of Ukrainians who heroically defended Mariupol at Azovstal are being held as POWs by the Russians with no…,Republican,0,2022,biden-era,False,Democrat,Establishment,72,Support for Ukraine and concern about Russian POW treatment aligns with typical Democratic foreign policy priorities and establishment internationalism.,"{
  ""leaning"": ""Democrat"",
  ""stance"": ""Establishment"",
  ""confidence"": 72,
  ""reasoning"": ""Support for Ukraine and concern about Russian POW treatment aligns with typical Democratic foreign policy priorities and establishment internationalism.""
}",False,zero-shot
2021-09-11 19:33:28,SenTinaSmith,"I was also moved by Gold Star Mother Jill Stephenson, whose son Corporal Benjamin Koppan Army Rangermade the ultimate sacrifice while saving six of his fellow soldiers in Afghanistan.",Democrat,1,2021,biden-era,False,Republican,Establishment,25,"The tweet honors military sacrifice and a Gold Star family, themes common across both parties, but lacks partisan content making classification unreliable.","{
  ""leaning"": ""Republican"",
  ""stance"": ""Establishment"",
  ""confidence"": 25,
  ""reasoning"": ""The tweet honors military sacrifice and a Gold Star family, themes common across both parties, but lacks partisan content making classification unreliable.""
}",False,zero-shot
2021-10-28 22:58:28,Sen_JoeManchin,As we work through the text of the legislation I would hope all of us will continue to deal in good faith and do what is right for the future of the American people.,Democrat,1,2021,biden-era,True,Republican,Establishment,35,"The tweet's emphasis on good faith negotiation and legislative process suggests an establishment-oriented politician, but the generic bipartisan language and lack of partisan positioning makes confident classification difficult.","{
  ""leaning"": ""Republican"",
  ""stance"": ""Establishment"",
  ""confidence"": 35,
  ""reasoning"": ""The tweet's emphasis on good faith negotiation and legislative process suggests an establishment-oriented politician, but the generic bipartisan language and lack of partisan positioning makes confident classification difficult.""
}",False,zero-shot
2022-12-08 23:17:57,RepBonamici,"Astoria is known for its riverfront businesses built atop piers on wooden pilings. On this day in 1922, those woode…",Democrat,1,2022,biden-era,False,Unknown,Unknown,5,"This tweet appears to be a historical fact about Astoria with no political content, party affiliation, or ideological stance discernible.","{
  ""leaning"": ""Unknown"",
  ""stance"": ""Unknown"",
  ""confidence"": 5,
  ""reasoning"": ""This tweet appears to be a historical fact about Astoria with no political content, party affiliation, or ideological stance discernible.""
}",False,zero-shot
2022-12-08 04:20:12,RepThompson,Congratulations to the City of Rohnert Park on their annual tree lighting celebration!,Democrat,1,2022,biden-era,False,Republican,Establishment,25,"This is a non-partisan ceremonial tweet about a local community event with no political content, making classification highly uncertain.","{
  ""leaning"": ""Republican"",
  ""stance"": ""Establishment"",
  ""confidence"": 25,
  ""reasoning"": ""This is a non-partisan ceremonial tweet about a local community event with no political content, making classification highly uncertain.""
}",False,zero-shot
2021-04-07 19:51:03,SenatorWarnock,Last week I met with farmers and  producers across six Georgia counties to learnwhat morethe federalgovernment can do to help themnavigate thesupply chainchallengesbrought on by COVID-19.Im committedto continuing toamplifytheir voices and  stories in Congress.,Democrat,1,2021,biden-era,False,Republican,Establishment,45,"The tweet shows constituent engagement and support for agricultural interests, which is characteristic of Georgia senators, but lacks ideological markers to distinguish partisan leaning with high confidence.","{
  ""leaning"": ""Republican"",
  ""stance"": ""Establishment"",
  ""confidence"": 45,
  ""reasoning"": ""The tweet shows constituent engagement and support for agricultural interests, which is characteristic of Georgia senators, but lacks ideological markers to distinguish partisan leaning with high confidence.""
}",False,zero-shot
2021-03-25 21:10:57,SenGaryPeters,"Today, I proudly voted to extend the Paycheck Protection Program because it's critical we give our small businesses and workers the support they need to stay afloat during this unprecedented economic crisis. I'll keep fighting for small businesses across Michigan.",Democrat,1,2021,biden-era,False,Republican,Establishment,72,"Support for PPP extension and emphasis on helping small businesses reflects typical Republican economic policy positions, though the populist framing of 'fighting for' workers could appeal across the aisle.","{
  ""leaning"": ""Republican"",
  ""stance"": ""Establishment"",
  ""confidence"": 72,
  ""reasoning"": ""Support for PPP extension and emphasis on helping small businesses reflects typical Republican economic policy positions, though the populist framing of 'fighting for' workers could appeal across the aisle.""
}",False,zero-shot
2021-03-16 14:03:39,SenatorCollins,". in Portland has received more than $3.6 million to build, test, and  operate a river-powered turbine. This federal funding will accelerate the companys efforts to provide Mainers with clean, affordable energy.",Republican,0,2021,biden-era,True,Democrat,Establishment,72,Emphasis on federal clean energy funding and environmental infrastructure aligns with Democratic establishment policy priorities.,"{
  ""leaning"": ""Democrat"",
  ""stance"": ""Establishment"",
  ""confidence"": 72,
  ""reasoning"": ""Emphasis on federal clean energy funding and environmental infrastructure aligns with Democratic establishment policy priorities.""
}",False,zero-shot
2021-02-04 19:07:30,lisamurkowski,"Every community has felt the impacts of #COVID19, but the financial disruption and health disparities it has caused have not been spread equally, as rural and remote communities have been particularly devastated.",Republican,0,2021,biden-era,True,Democrat,Populist,72,"The tweet emphasizes health disparities and unequal impacts, focusing on vulnerable rural communities, which aligns with Democratic populist messaging about systemic inequities and addressing disadvantaged groups.","{
  ""leaning"": ""Democrat"",
  ""stance"": ""Populist"",
  ""confidence"": 72,
  ""reasoning"": ""The tweet emphasizes health disparities and unequal impacts, focusing on vulnerable rural communities, which aligns with Democratic populist messaging about systemic inequities and addressing disadvantaged groups.""
}",False,zero-shot
2022-11-18 17:49:30,RepCicilline,"Glad to see  is planning on focusing on things affecting everyday Americans, like gas prices and inflation…",Democrat,1,2022,biden-era,False,Republican,Populist,72,"Focus on everyday economic concerns (gas prices, inflation) and framing them as populist priorities is characteristic of Republican populist messaging.","{
  ""leaning"": ""Republican"",
  ""stance"": ""Populist"",
  ""confidence"": 72,
  ""reasoning"": ""Focus on everyday economic concerns (gas prices, inflation) and framing them as populist priorities is characteristic of Republican populist messaging.""
}",False,zero-shot
2022-01-16 17:52:32,RepDavid,Tomorrow all Arizona national parks will have free entry in honor of MLK Day. Plan ahead & visit…,Republican,0,2022,biden-era,False,Democrat,Establishment,45,"The tweet promotes a progressive commemoration (MLK Day) through a government program, suggesting Democratic values, but the non-partisan nature and low political content make classification uncertain.","{
  ""leaning"": ""Democrat"",
  ""stance"": ""Establishment"",
  ""confidence"": 45,
  ""reasoning"": ""The tweet promotes a progressive commemoration (MLK Day) through a government program, suggesting Democratic values, but the non-partisan nature and low political content make classification uncertain.""
}",False,zero-shot
2021-08-02 21:17:19,repdavidscott,"Thank you, Mary, for trusting our team to assist with this case! If you need help with the IRS or another federal a…",Democrat,1,2021,biden-era,False,Unknown,Unknown,5,This tweet is a non-political constituent service response that provides no ideological content to classify.,"{
  ""leaning"": ""Unknown"",
  ""stance"": ""Unknown"",
  ""confidence"": 5,
  ""reasoning"": ""This tweet is a non-political constituent service response that provides no ideological content to classify.""
}",False,zero-shot
2023-02-12 21:07:08,RepOgles,"“Every kingdom divided against itself is laid waste, and no city or house divided against itself will stand.”

Matthew 12:25b ESV",Republican,0,2023,biden-era,False,Democrat,Populist,25,"This biblical quote about division is vague enough to be used by politicians across the spectrum, but has been more frequently deployed by Democrats emphasizing unity against polarization, though the low confidence reflects its ambiguous applicability.","{
  ""leaning"": ""Democrat"",
  ""stance"": ""Populist"",
  ""confidence"": 25,
  ""reasoning"": ""This biblical quote about division is vague enough to be used by politicians across the spectrum, but has been more frequently deployed by Democrats emphasizing unity against polarization, though the low confidence reflects its ambiguous applicability.""
}",False,zero-shot
2021-06-10 21:24:11,SenAngusKing,"Im gravely concerned about the safety of the men and women of Afghanistan who supported the mission of the U.S. troops as we withdraw. Today I urged  and  to help advance their expatriation process for strategic but more importantly, moral reasons.",Democrat,1,2021,biden-era,True,Republican,Establishment,65,"The tweet emphasizes concern for Afghan allies and appeals to moral responsibility while urging executive action, reflecting establishment conservative values around military commitments and humanitarian concerns.","{
  ""leaning"": ""Republican"",
  ""stance"": ""Establishment"",
  ""confidence"": 65,
  ""reasoning"": ""The tweet emphasizes concern for Afghan allies and appeals to moral responsibility while urging executive action, reflecting establishment conservative values around military commitments and humanitarian concerns.""
}",False,zero-shot
2023-01-25 21:58:21,RepHoulahan,"Earlier today I met w/  author of the series ""What to Expect When You're Expecting,"" which I read whe…",Democrat,1,2023,biden-era,False,Unknown,Unknown,5,"The tweet fragment discusses meeting with an author about pregnancy books and contains no political ideology, policy positions, or partisan rhetoric that would enable classification.","{
  ""leaning"": ""Unknown"",
  ""stance"": ""Unknown"",
  ""confidence"": 5,
  ""reasoning"": ""The tweet fragment discusses meeting with an author about pregnancy books and contains no political ideology, policy positions, or partisan rhetoric that would enable classification.""
}",False,zero-shot
2021-08-10 20:09:19,SenatorCollins,I was proud to partner w/  to lead the negotiations on one of the most significant provisions for Maine -- $65 billion to expand high-speed Internet access. Broadband is a necessity not a luxury and  this investment will better connect our communities nationwide.,Republican,0,2021,biden-era,True,Democrat,Establishment,72,"The tweet emphasizes infrastructure investment and public benefit framing typical of Democratic establishment messaging, with focus on broadband access as a public necessity rather than market-driven solution.","{
  ""leaning"": ""Democrat"",
  ""stance"": ""Establishment"",
  ""confidence"": 72,
  ""reasoning"": ""The tweet emphasizes infrastructure investment and public benefit framing typical of Democratic establishment messaging, with focus on broadband access as a public necessity rather than market-driven solution.""
}",False,zero-shot
2021-07-15 02:36:00,SenTomCotton,The House should pass this bill immediately and send it to President Bidens desk. The U.S. cannot support forced labor and religious persecution.,Republican,0,2021,biden-era,False,Democrat,Establishment,65,The tweet supports Biden administration priorities on human rights issues (forced labor and religious persecution) with establishment-style institutional language about legislative process.,"{
  ""leaning"": ""Democrat"",
  ""stance"": ""Establishment"",
  ""confidence"": 65,
  ""reasoning"": ""The tweet supports Biden administration priorities on human rights issues (forced labor and religious persecution) with establishment-style institutional language about legislative process.""
}",False,zero-shot
2021-11-01 14:26:39,SenatorRomney,"Without the filibuster, whenever one party replaced the other as majority, tax and spending priorities, safety-net programs, and foreign policy would careen from one extreme to the other, creating uncertainty for families, employers, and global partners.",Republican,0,2021,biden-era,True,Democrat,Establishment,72,"The defense of the filibuster as a stabilizing force for predictability and moderation is a common establishment Democratic argument used to oppose majority-rule changes, particularly during debates about judicial nominations and voting rights reform.","{
  ""leaning"": ""Democrat"",
  ""stance"": ""Establishment"",
  ""confidence"": 72,
  ""reasoning"": ""The defense of the filibuster as a stabilizing force for predictability and moderation is a common establishment Democratic argument used to oppose majority-rule changes, particularly during debates about judicial nominations and voting rights reform.""
}",False,zero-shot
2021-06-09 18:36:15,SenSherrodBrown,Incredibly proud of the work we do on the  and Housing Committee - take a look.,Democrat,1,2021,biden-era,True,Unknown,Unknown,5,"The tweet is too vague and lacks specific policy content, partisan language, or identifying details to make a reliable classification.","{
  ""leaning"": ""Unknown"",
  ""stance"": ""Unknown"",
  ""confidence"": 5,
  ""reasoning"": ""The tweet is too vague and lacks specific policy content, partisan language, or identifying details to make a reliable classification.""
}",False,zero-shot
2022-12-08 21:04:06,RepKweisiMfume,"Thank you  for bringing more than four decades of your  columns to life in the one act, on…",Democrat,1,2022,biden-era,False,Unknown,Unknown,5,"Tweet fragment appears to be thanking someone for their columns being adapted into a one-act performance, containing no political content that indicates party affiliation or ideological stance.","{
  ""leaning"": ""Unknown"",
  ""stance"": ""Unknown"",
  ""confidence"": 5,
  ""reasoning"": ""Tweet fragment appears to be thanking someone for their columns being adapted into a one-act performance, containing no political content that indicates party affiliation or ideological stance.""
}",False,zero-shot
2022-12-20 00:29:35,RepSylviaGarcia,"Make sure to keep up with the latest weather updates, and please stay prepared this holiday season!",Democrat,1,2022,biden-era,False,Neutral,Neutral,5,"This tweet contains no political content, partisan messaging, or ideological positioning - it is merely practical public safety advice.","{
  ""leaning"": ""Neutral"",
  ""stance"": ""Neutral"",
  ""confidence"": 5,
  ""reasoning"": ""This tweet contains no political content, partisan messaging, or ideological positioning - it is merely practical public safety advice.""
}",False,zero-shot
2021-09-30 19:17:06,SenGillibrand,We can't wait to see everyone back again at the  on October th! The Members team is better than ever the #BadNewsBabes better watch out!  you're always welcome to join us! #BeatPress #BeatCancer,Democrat,1,2021,biden-era,False,Unknown,Unknown,5,"Tweet contains no political content, policy positions, or partisan messaging - appears to be about a social/sports event.","{
  ""leaning"": ""Unknown"",
  ""stance"": ""Unknown"",
  ""confidence"": 5,
  ""reasoning"": ""Tweet contains no political content, policy positions, or partisan messaging - appears to be about a social/sports event.""
}",False,zero-shot
2021-07-27 16:58:27,SenAngusKing,"Mike Enzi was a dedicated public servant, a relentless advocate for Wyoming, and an eternal believer in calm bipartisanship. He followed the -20 ruleset aside the % where you disagree and work within the % where agreement can be found.",Democrat,1,2021,biden-era,True,Republican,Establishment,85,"The tribute to Mike Enzi (R-Wyoming) emphasizes bipartisanship and establishment values of consensus-building rather than confrontational politics, reflecting traditional Republican institutional values.","{
  ""leaning"": ""Republican"",
  ""stance"": ""Establishment"",
  ""confidence"": 85,
  ""reasoning"": ""The tribute to Mike Enzi (R-Wyoming) emphasizes bipartisanship and establishment values of consensus-building rather than confrontational politics, reflecting traditional Republican institutional values.""
}",False,zero-shot
2021-10-08 21:38:00,RoyBlunt,"Telehealth has been a lifeline for many people throughout the pandemic. At a Commerce Committee hearing this week, I asked the panel to weigh in on how we can make telehealth more accessible:",Republican,0,2021,biden-era,False,Democrat,Establishment,35,"Focus on healthcare accessibility and pandemic response suggests Democratic priorities, but the measured tone and committee work approach indicates establishment sensibility; however, low confidence due to lack of partisan language.","{
  ""leaning"": ""Democrat"",
  ""stance"": ""Establishment"",
  ""confidence"": 35,
  ""reasoning"": ""Focus on healthcare accessibility and pandemic response suggests Democratic priorities, but the measured tone and committee work approach indicates establishment sensibility; however, low confidence due to lack of partisan language.""
}",False,zero-shot
2022-06-02 20:13:37,MarioDB,"(1/2) Como dije cuando estos cambios se anunciaron por primera vez el mes pasado, aumentar los ingresos del régimen…",Republican,0,2022,biden-era,False,Democrat,Populist,25,"The Spanish-language tweet fragment discusses regime revenue changes, but insufficient content is provided to make a confident classification of the senator's political position.","{
  ""leaning"": ""Democrat"",
  ""stance"": ""Populist"",
  ""confidence"": 25,
  ""reasoning"": ""The Spanish-language tweet fragment discusses regime revenue changes, but insufficient content is provided to make a confident classification of the senator's political position.""
}",False,zero-shot
2021-08-30 19:27:00,MarkWarner,"Remnants of Hurricane Ida are set to bring heavy rain and strong winds across central Virginia tomorrow. Its my hope Virginia is spared from the worst of this storm, but weve got to be ready for anything. The time to prepare is now.",Democrat,1,2021,biden-era,False,Neutral,,15,"This tweet contains only disaster preparedness messaging without partisan or ideological content, making political classification unreliable.","{
  ""leaning"": ""Neutral"",
  ""stance"": ""N/A"",
  ""confidence"": 15,
  ""reasoning"": ""This tweet contains only disaster preparedness messaging without partisan or ideological content, making political classification unreliable.""
}",False,zero-shot
2022-12-22 05:06:20,RepSylviaGarcia,"Another win! 

My bill the Energy Security and Lightering Independence Act passed the House. 

Now it will be headi…",Democrat,1,2022,biden-era,False,Republican,Establishment,65,"The tweet references energy independence legislation, which is a traditional Republican policy priority, though the incomplete text limits certainty.","{
  ""leaning"": ""Republican"",
  ""stance"": ""Establishment"",
  ""confidence"": 65,
  ""reasoning"": ""The tweet references energy independence legislation, which is a traditional Republican policy priority, though the incomplete text limits certainty.""
}",False,zero-shot
2021-07-21 21:23:57,senrobportman,"Passing this historic infrastructure agreement wont just modernize and  upgrade our roads, bridges, ports and  other key infrastructure assets, it will lay the groundwork for long-term economic growth and prosperity.",Republican,0,2021,biden-era,False,Democrat,Establishment,72,"The tweet emphasizes government investment in infrastructure for economic growth, a key Democratic/establishment priority, though the language is measured and centrist rather than populist or partisan.","{
  ""leaning"": ""Democrat"",
  ""stance"": ""Establishment"",
  ""confidence"": 72,
  ""reasoning"": ""The tweet emphasizes government investment in infrastructure for economic growth, a key Democratic/establishment priority, though the language is measured and centrist rather than populist or partisan.""
}",False,zero-shot
2022-07-13 16:29:04,RepRalphNorman,The expenses associated with raising a child begin months before birth. So I'm proud to co-sponsor,Republican,0,2022,biden-era,False,Democrat,Populist,45,"Support for childcare/family expense assistance typically aligns with Democratic priorities, but incomplete tweet limits confidence in classification.","{
  ""leaning"": ""Democrat"",
  ""stance"": ""Populist"",
  ""confidence"": 45,
  ""reasoning"": ""Support for childcare/family expense assistance typically aligns with Democratic priorities, but incomplete tweet limits confidence in classification.""
}",False,zero-shot
2021-12-17 00:49:19,lisamurkowski,"In Alaska, there is an ongoing crisis of violence affecting women, children, and families. Supporting victims and addressing gaps in our justice system is a top priority of mine.",Republican,0,2021,biden-era,True,Democrat,Establishment,45,"Focus on victim support and justice system reform suggests Democratic values, but the moderate tone and local focus could align with either party, making this classification uncertain.","{
  ""leaning"": ""Democrat"",
  ""stance"": ""Establishment"",
  ""confidence"": 45,
  ""reasoning"": ""Focus on victim support and justice system reform suggests Democratic values, but the moderate tone and local focus could align with either party, making this classification uncertain.""
}",False,zero-shot
2022-10-14 18:18:24,RepTimBurchett,"This morning I met with delegates from Uzbekistan with the Open World Rule of Law Program, hosted by Friendship For…",Republican,0,2022,biden-era,False,Unknown,Establishment,25,"The tweet describes a routine diplomatic meeting with international delegates, which is typical establishment legislative activity, but lacks partisan or ideological content for reliable classification.","{
  ""leaning"": ""Unknown"",
  ""stance"": ""Establishment"",
  ""confidence"": 25,
  ""reasoning"": ""The tweet describes a routine diplomatic meeting with international delegates, which is typical establishment legislative activity, but lacks partisan or ideological content for reliable classification.""
}",False,zero-shot
2022-08-02 02:25:08,RepLoudermilk,"[1/2] The killing of Ayman Al Zawahiri, the current leader of al Qaeda, and a man who helped plan 9/11, makes the world safer.",Republican,0,2022,biden-era,False,Democrat,Establishment,72,"The tweet celebrates a successful counterterrorism operation by the Biden administration, reflecting establishment Democratic support for military/intelligence operations against terrorist threats.","{
  ""leaning"": ""Democrat"",
  ""stance"": ""Establishment"",
  ""confidence"": 72,
  ""reasoning"": ""The tweet celebrates a successful counterterrorism operation by the Biden administration, reflecting establishment Democratic support for military/intelligence operations against terrorist threats.""
}",False,few-shot
2022-10-20 21:43:35,RepCuellar,"Today, I hosted a webinar on federal funding for local law enforcement with officials from    and…",Democrat,1,2022,biden-era,False,Republican,Establishment,45,"The tweet's focus on federal law enforcement funding suggests a conservative priority, but lacks partisan language or clear ideological positioning, making confidence relatively low.","{
  ""leaning"": ""Republican"",
  ""stance"": ""Establishment"",
  ""confidence"": 45,
  ""reasoning"": ""The tweet's focus on federal law enforcement funding suggests a conservative priority, but lacks partisan language or clear ideological positioning, making confidence relatively low.""
}",False,few-shot
2022-10-26 20:43:44,RepGregStanton,Technology is improving the way law enforcement protects and serves our community—and it's innovative companies lik…,Democrat,1,2022,biden-era,False,Republican,Establishment,65,The tweet's focus on praising law enforcement and pro-business technology solutions aligns with typical Republican establishment messaging supporting police and private sector innovation.,"{
  ""leaning"": ""Republican"",
  ""stance"": ""Establishment"",
  ""confidence"": 65,
  ""reasoning"": ""The tweet's focus on praising law enforcement and pro-business technology solutions aligns with typical Republican establishment messaging supporting police and private sector innovation.""
}",False,few-shot
2022-10-13 21:05:59,RepBrownley,As we celebrate the 247th birthday of the  we honor those who have served in the Sailor’s uniform. We are f…,Democrat,1,2022,biden-era,False,Republican,Establishment,45,"The tweet's focus on military service and patriotic celebration aligns with typical Republican messaging, though the limited content and non-partisan nature of honoring veterans makes confidence moderate.","{
  ""leaning"": ""Republican"",
  ""stance"": ""Establishment"",
  ""confidence"": 45,
  ""reasoning"": ""The tweet's focus on military service and patriotic celebration aligns with typical Republican messaging, though the limited content and non-partisan nature of honoring veterans makes confidence moderate.""
}",False,few-shot
2022-11-28 17:08:26,RepRubenGallego,"We don't have a democracy if an election is only fair if your team wins.

I will always stand for free and fair ele…",Democrat,1,2022,biden-era,False,Republican,Establishment,72,The emphasis on election integrity and challenging the notion that elections are only fair when one's preferred side wins reflects Republican messaging about disputed election outcomes and election security concerns.,"{
  ""leaning"": ""Republican"",
  ""stance"": ""Establishment"",
  ""confidence"": 72,
  ""reasoning"": ""The emphasis on election integrity and challenging the notion that elections are only fair when one's preferred side wins reflects Republican messaging about disputed election outcomes and election security concerns.""
}",False,few-shot
2021-12-22 21:57:51,SenatorCarper,"The U.S. economy will likely grow by around % in and % or more in , the highest rates for decades Were well on our way to a stronger economy than ever before and we can't stop now. As  would say, keep the faith.",Democrat,1,2021,biden-era,False,Republican,Establishment,72,"The tweet emphasizes economic growth achievements and continuity of current policies, which aligns with Republican messaging on economic performance and governance.","{
  ""leaning"": ""Republican"",
  ""stance"": ""Establishment"",
  ""confidence"": 72,
  ""reasoning"": ""The tweet emphasizes economic growth achievements and continuity of current policies, which aligns with Republican messaging on economic performance and governance.""
}",False,few-shot
2022-05-18 18:37:58,CongressmanGT,"For 57 years, Head Start has given every child – regardless of circumstances at birth – a chance to succeed in scho…",Republican,0,2022,biden-era,False,Democrat,Establishment,85,"Support for Head Start, a longstanding federal education program, reflects Democratic commitment to social safety nets and equal opportunity for disadvantaged children.","{
  ""leaning"": ""Democrat"",
  ""stance"": ""Establishment"",
  ""confidence"": 85,
  ""reasoning"": ""Support for Head Start, a longstanding federal education program, reflects Democratic commitment to social safety nets and equal opportunity for disadvantaged children.""
}",False,few-shot
2021-07-12 20:18:37,repdavidscott,Applications are open now for #GA13 students seeking a Congressional nomination to attend a military academy in 202…,Democrat,1,2021,biden-era,False,Republican,Establishment,72,"Military academy nominations are a traditional constituent service typically promoted by Republican representatives, and the district reference (#GA13) suggests a conservative-leaning Georgia district.","{
  ""leaning"": ""Republican"",
  ""stance"": ""Establishment"",
  ""confidence"": 72,
  ""reasoning"": ""Military academy nominations are a traditional constituent service typically promoted by Republican representatives, and the district reference (#GA13) suggests a conservative-leaning Georgia district.""
}",False,few-shot
2022-10-07 20:48:00,RepDanKildee,"Thrilled to join  at the ribbon cutting for a new stretch of I-69!

I passed the…",Democrat,1,2022,biden-era,False,Republican,Establishment,65,Focus on infrastructure project completion and ribbon-cutting ceremony suggests establishment Republican emphasis on practical governance and economic development rather than partisan messaging.,"{
  ""leaning"": ""Republican"",
  ""stance"": ""Establishment"",
  ""confidence"": 65,
  ""reasoning"": ""Focus on infrastructure project completion and ribbon-cutting ceremony suggests establishment Republican emphasis on practical governance and economic development rather than partisan messaging.""
}",False,few-shot
2021-03-30 16:00:17,SenJoniErnst,It is my hope that each and every young womanno matter their hometown or backgroundwill see the potential that lies ahead and will always be grateful for the trailblazers who have gone before us. #WomensHistoryMonth,Republican,0,2021,biden-era,False,Democrat,Establishment,72,"The tweet's focus on women's progress, gratitude for trailblazers, and inclusive messaging about opportunity aligns with Democratic values emphasized during Women's History Month, while the measured tone suggests establishment positioning.","{
  ""leaning"": ""Democrat"",
  ""stance"": ""Establishment"",
  ""confidence"": 72,
  ""reasoning"": ""The tweet's focus on women's progress, gratitude for trailblazers, and inclusive messaging about opportunity aligns with Democratic values emphasized during Women's History Month, while the measured tone suggests establishment positioning.""
}",False,few-shot
2021-08-09 00:05:05,lisamurkowski,"A resolution to honor the late Senator Mike Gravel of Alaska passed the Senate by unanimous consent last night. Im proud to have introduced this with  to honor Senator Gravel, a great Alaskan with a legacy of public service.",Republican,0,2021,biden-era,True,Democrat,Establishment,72,"The tweet honors Mike Gravel, a progressive icon and former Democratic senator known for anti-war stances, suggesting the tweeter likely shares Democratic values.","{
  ""leaning"": ""Democrat"",
  ""stance"": ""Establishment"",
  ""confidence"": 72,
  ""reasoning"": ""The tweet honors Mike Gravel, a progressive icon and former Democratic senator known for anti-war stances, suggesting the tweeter likely shares Democratic values.""
}",False,few-shot
2022-06-10 22:35:25,RepMarcyKaptur,"On the 61st anniversary of the Anthony Wayne Trail Fire, we honor the fallen of  who so selflessly gave…",Democrat,1,2022,biden-era,False,Republican,Establishment,45,"The tweet focuses on honoring fallen firefighters with patriotic language, a traditionally bipartisan but slightly right-leaning commemorative stance.","{
  ""leaning"": ""Republican"",
  ""stance"": ""Establishment"",
  ""confidence"": 45,
  ""reasoning"": ""The tweet focuses on honoring fallen firefighters with patriotic language, a traditionally bipartisan but slightly right-leaning commemorative stance.""
}",False,few-shot
2022-12-14 19:59:04,RepKatiePorter,"My heart breaks at this time every year, thinking of stockings hung, recipes planned, and gifts bought for the 20 k…",Democrat,1,2022,biden-era,False,Republican,Establishment,45,"The tweet's sentimental tone about holiday traditions and loss suggests a conservative senator, but limited political content makes classification uncertain.","{
  ""leaning"": ""Republican"",
  ""stance"": ""Establishment"",
  ""confidence"": 45,
  ""reasoning"": ""The tweet's sentimental tone about holiday traditions and loss suggests a conservative senator, but limited political content makes classification uncertain.""
}",False,few-shot
2022-09-19 13:16:57,RepMarkPocan,"A lot of people want to know the secrets behind a magician’s trick. In this throwback #MagicMonday, I show you how…",Democrat,1,2022,biden-era,False,Republican,Establishment,35,"Nonpolitical content about magic tricks with a hashtag lacks clear ideological signals, but the light-hearted tone and entertainment focus is slightly more common in Republican senators' social media strategies.","{
  ""leaning"": ""Republican"",
  ""stance"": ""Establishment"",
  ""confidence"": 35,
  ""reasoning"": ""Nonpolitical content about magic tricks with a hashtag lacks clear ideological signals, but the light-hearted tone and entertainment focus is slightly more common in Republican senators' social media strategies.""
}",False,few-shot
2021-04-22 22:42:14,lisamurkowski,"This bill recognizes the Alaska section of the Chilkoot Trail as a National Historic Trail, which served as a Tlingit trade route prior to the gold rush.",Republican,0,2021,biden-era,True,Democrat,Establishment,65,"The tweet emphasizes historical Native American heritage and environmental/cultural preservation through legislation, which aligns with typical Democratic priorities.","{
  ""leaning"": ""Democrat"",
  ""stance"": ""Establishment"",
  ""confidence"": 65,
  ""reasoning"": ""The tweet emphasizes historical Native American heritage and environmental/cultural preservation through legislation, which aligns with typical Democratic priorities.""
}",False,few-shot
2023-01-25 15:52:09,RepSmucker,I appreciated meeting with faith leaders from Pennsylvania’s 11th District to discuss policies to improve our envir…,Republican,0,2023,biden-era,False,Democrat,Establishment,72,Meeting with faith leaders to discuss environmental policies reflects typical Democratic emphasis on climate/environmental issues and community engagement through established institutions.,"{
  ""leaning"": ""Democrat"",
  ""stance"": ""Establishment"",
  ""confidence"": 72,
  ""reasoning"": ""Meeting with faith leaders to discuss environmental policies reflects typical Democratic emphasis on climate/environmental issues and community engagement through established institutions.""
}",False,few-shot
2021-12-13 21:21:19,SenStabenow,I was proud to show her the broad community support for our Hometown Air Base in Southeast Michigan and the dedicated men and women who serve our country.,Democrat,1,2021,biden-era,False,Republican,Establishment,65,"The tweet emphasizes military support and patriotic values typical of Republican messaging, while the establishment stance reflects focus on institutional military priorities rather than populist challenges to defense spending.","{
  ""leaning"": ""Republican"",
  ""stance"": ""Establishment"",
  ""confidence"": 65,
  ""reasoning"": ""The tweet emphasizes military support and patriotic values typical of Republican messaging, while the establishment stance reflects focus on institutional military priorities rather than populist challenges to defense spending.""
}",False,few-shot
2022-03-28 20:53:55,RepGregoryMeeks,I had the privilege to visit  and meet  students studying American Government. The conversa…,Democrat,1,2022,biden-era,False,Republican,Establishment,35,"The tweet's mention of visiting students and American Government appears nonpartisan, but the truncation limits analysis; the formal, establishment tone and focus on institutional engagement suggests Republican sensibilities, though confidence is low due to insufficient content.","{
  ""leaning"": ""Republican"",
  ""stance"": ""Establishment"",
  ""confidence"": 35,
  ""reasoning"": ""The tweet's mention of visiting students and American Government appears nonpartisan, but the truncation limits analysis; the formal, establishment tone and focus on institutional engagement suggests Republican sensibilities, though confidence is low due to insufficient content.""
}",False,few-shot
2021-12-20 23:31:31,SenatorHassan,"In today's world, protecting our national security means strengthening our cybersecurity defenses. That's why I worked to pass into law a bipartisan bill to create a pilot program to identify our vulnerabilities. Now that program is permanent:",Democrat,1,2021,biden-era,False,Republican,Establishment,72,"Emphasis on national security and cybersecurity defenses reflects conservative priorities, while the claim of bipartisan work and legislative accomplishment suggests establishment-oriented pragmatism rather than populist rhetoric.","{
  ""leaning"": ""Republican"",
  ""stance"": ""Establishment"",
  ""confidence"": 72,
  ""reasoning"": ""Emphasis on national security and cybersecurity defenses reflects conservative priorities, while the claim of bipartisan work and legislative accomplishment suggests establishment-oriented pragmatism rather than populist rhetoric.""
}",False,few-shot
2021-05-25 18:04:48,SenAngusKing,"In recent years, weve received wake-up call after wake-up call telling us to improve our cybersecurity yet our defenses are still inadequate. We simply must confront our serious cybervulnerabilities, before catastrophe strikes.",Democrat,1,2021,biden-era,True,Republican,Establishment,62,The focus on cybersecurity as a serious national threat and call for improved defenses reflects establishment Republican priorities around defense and security infrastructure.,"{
  ""leaning"": ""Republican"",
  ""stance"": ""Establishment"",
  ""confidence"": 62,
  ""reasoning"": ""The focus on cybersecurity as a serious national threat and call for improved defenses reflects establishment Republican priorities around defense and security infrastructure.""
}",False,few-shot
2022-11-11 00:39:58,RepDebDingell,"Today marks 247 years of the 
 
To our nation’s brave Marines & their families, thank you for your many sacri…",Democrat,1,2022,biden-era,False,Republican,Establishment,45,"The tweet honors the Marine Corps with patriotic rhetoric typical of both parties, but the emphasis on military appreciation and traditional values slightly favors Republican messaging, though the content is non-partisan enough that confidence remains moderate.","{
  ""leaning"": ""Republican"",
  ""stance"": ""Establishment"",
  ""confidence"": 45,
  ""reasoning"": ""The tweet honors the Marine Corps with patriotic rhetoric typical of both parties, but the emphasis on military appreciation and traditional values slightly favors Republican messaging, though the content is non-partisan enough that confidence remains moderate.""
}",False,few-shot
2022-03-03 18:41:51,RepGarbarino,"This week I introduced the Cybersecurity Grants For Schools Act, which would authorize the Director of  to…",Republican,0,2022,biden-era,False,Democrat,Establishment,65,"The tweet focuses on education cybersecurity policy and grants, which aligns with Democratic priorities for public investment in schools and infrastructure, though the partial nature of the tweet limits definitive classification.","{
  ""leaning"": ""Democrat"",
  ""stance"": ""Establishment"",
  ""confidence"": 65,
  ""reasoning"": ""The tweet focuses on education cybersecurity policy and grants, which aligns with Democratic priorities for public investment in schools and infrastructure, though the partial nature of the tweet limits definitive classification.""
}",False,few-shot
2021-02-25 19:48:59,lisamurkowski,"The complex landscape of Alaska Native representation includes the federally recognized tribes, Alaska Native corporations, and Alaska Native regional non-profit organizations. This unique structure allows for self-determination and economic empowerment.",Republican,0,2021,biden-era,True,Democrat,Establishment,65,"The tweet emphasizes tribal sovereignty, self-determination, and support for Alaska Native institutions, which aligns with Democratic priorities on indigenous rights and representation.","{
  ""leaning"": ""Democrat"",
  ""stance"": ""Establishment"",
  ""confidence"": 65,
  ""reasoning"": ""The tweet emphasizes tribal sovereignty, self-determination, and support for Alaska Native institutions, which aligns with Democratic priorities on indigenous rights and representation.""
}",False,few-shot
2021-04-13 00:54:17,HawleyMO,"Monopoly and liberty dont go together. No corporation should be so big and so powerful that it can override the voice of the people. We need a new trust busting agenda, from MLB to #BigTech",Republican,0,2021,biden-era,True,Democrat,Populist,75,"The tweet criticizes corporate monopolies and calls for trust-busting, which aligns with progressive/populist Democratic messaging about restraining corporate power.","{
  ""leaning"": ""Democrat"",
  ""stance"": ""Populist"",
  ""confidence"": 75,
  ""reasoning"": ""The tweet criticizes corporate monopolies and calls for trust-busting, which aligns with progressive/populist Democratic messaging about restraining corporate power.""
}",False,few-shot
2023-01-04 17:00:30,DonaldNorcross,"I’m proud that my bill, the BRAVE Act, was included in the FY23 omnibus to support those men and women who defend o…",Democrat,1,2023,biden-era,False,Republican,Establishment,72,"The focus on military support and patriotic language ('defend our') with a named bill suggests establishment Republican priorities, though bipartisan omnibus bills can include various provisions.","{
  ""leaning"": ""Republican"",
  ""stance"": ""Establishment"",
  ""confidence"": 72,
  ""reasoning"": ""The focus on military support and patriotic language ('defend our') with a named bill suggests establishment Republican priorities, though bipartisan omnibus bills can include various provisions.""
}",False,few-shot
2023-02-11 17:11:39,RepTenney,My weekly newsletter is out! Click the link to read more about my work in Washington and across #NY24.,Republican,0,2023,biden-era,False,Democrat,Establishment,45,"The tweet is a routine constituent communication about a newsletter, which is non-partisan; the #NY24 hashtag suggests a New York representative, and the formal 'work in Washington' framing is typical of establishment Democrats, but the tweet lacks ideological content making classification difficult.","{
  ""leaning"": ""Democrat"",
  ""stance"": ""Establishment"",
  ""confidence"": 45,
  ""reasoning"": ""The tweet is a routine constituent communication about a newsletter, which is non-partisan; the #NY24 hashtag suggests a New York representative, and the formal 'work in Washington' framing is typical of establishment Democrats, but the tweet lacks ideological content making classification difficult.""
}",False,few-shot
2022-09-27 16:20:07,rosadelauro,"We must protect our supply chains and national security from foreign adversaries like China and Russia.

Today, I j…",Democrat,1,2022,biden-era,False,Republican,Establishment,72,"Emphasis on national security, supply chain protection, and naming China and Russia as adversaries reflects traditional Republican foreign policy concerns, though the incomplete tweet limits full assessment.","{
  ""leaning"": ""Republican"",
  ""stance"": ""Establishment"",
  ""confidence"": 72,
  ""reasoning"": ""Emphasis on national security, supply chain protection, and naming China and Russia as adversaries reflects traditional Republican foreign policy concerns, though the incomplete tweet limits full assessment.""
}",False,few-shot
2021-06-29 20:37:30,SenatorHassan,"Did you know that my office can help you navigate issues with federal agencies? From veterans services to social security benefits, we are here to help. Check out our new series on constituent success stories to see examples of how we can help you!",Democrat,1,2021,biden-era,False,Republican,Establishment,65,"The tweet emphasizes constituent services and direct office assistance, a hallmark of Republican messaging focused on government efficiency and local representation rather than policy advocacy typical of Democratic tweets.","{
  ""leaning"": ""Republican"",
  ""stance"": ""Establishment"",
  ""confidence"": 65,
  ""reasoning"": ""The tweet emphasizes constituent services and direct office assistance, a hallmark of Republican messaging focused on government efficiency and local representation rather than policy advocacy typical of Democratic tweets.""
}",False,few-shot
2021-02-02 02:17:06,SenatorCollins,"Talks between our group and  the administration will continue as we work in good faith on a sixth bipartisan package to help struggling families, get students back to school, assist small businesses and employees, support healthcare providers, and  accelerate testing and  vaccine programs",Republican,0,2021,biden-era,True,Democrat,Establishment,72,"The emphasis on bipartisan cooperation, social safety net provisions (struggling families, small businesses, healthcare), and COVID relief programs aligns with Democratic priorities and establishment rhetoric focused on collaborative governance.","{
  ""leaning"": ""Democrat"",
  ""stance"": ""Establishment"",
  ""confidence"": 72,
  ""reasoning"": ""The emphasis on bipartisan cooperation, social safety net provisions (struggling families, small businesses, healthcare), and COVID relief programs aligns with Democratic priorities and establishment rhetoric focused on collaborative governance.""
}",False,few-shot
2022-08-03 20:35:29,RepMrvan,I am deeply saddened to learn of the sudden passing of my Indiana colleague and Congressional-district neighbor Rep. Jackie Walorski.,Democrat,1,2022,biden-era,False,Republican,Establishment,75,"The tweet references an Indiana colleague, indicating the author is likely a Republican Senator from Indiana, and the respectful, institutional tone reflects establishment decorum rather than populist messaging.","{
  ""leaning"": ""Republican"",
  ""stance"": ""Establishment"",
  ""confidence"": 75,
  ""reasoning"": ""The tweet references an Indiana colleague, indicating the author is likely a Republican Senator from Indiana, and the respectful, institutional tone reflects establishment decorum rather than populist messaging.""
}",False,few-shot
2022-09-20 14:27:35,RepSpartz,Thousands of Ukrainians who heroically defended Mariupol at Azovstal are being held as POWs by the Russians with no…,Republican,0,2022,biden-era,False,Democrat,Establishment,72,Focus on Ukrainian POWs and Russian conduct aligns with Democratic emphasis on international humanitarian concerns and criticism of Russia's military actions.,"{
  ""leaning"": ""Democrat"",
  ""stance"": ""Establishment"",
  ""confidence"": 72,
  ""reasoning"": ""Focus on Ukrainian POWs and Russian conduct aligns with Democratic emphasis on international humanitarian concerns and criticism of Russia's military actions.""
}",False,few-shot
2021-09-11 19:33:28,SenTinaSmith,"I was also moved by Gold Star Mother Jill Stephenson, whose son Corporal Benjamin Koppan Army Rangermade the ultimate sacrifice while saving six of his fellow soldiers in Afghanistan.",Democrat,1,2021,biden-era,False,Republican,Establishment,45,"The tweet honors military sacrifice and a Gold Star family, themes common in conservative rhetoric, though the nonpartisan nature of honoring fallen soldiers makes this classification uncertain.","{
  ""leaning"": ""Republican"",
  ""stance"": ""Establishment"",
  ""confidence"": 45,
  ""reasoning"": ""The tweet honors military sacrifice and a Gold Star family, themes common in conservative rhetoric, though the nonpartisan nature of honoring fallen soldiers makes this classification uncertain.""
}",False,few-shot
2021-10-28 22:58:28,Sen_JoeManchin,As we work through the text of the legislation I would hope all of us will continue to deal in good faith and do what is right for the future of the American people.,Democrat,1,2021,biden-era,True,Republican,Establishment,45,"The measured, bipartisan tone emphasizing good faith negotiation and national interest suggests an establishment-oriented senator, but the vague rhetoric lacks strong partisan markers making confidence moderate.","{
  ""leaning"": ""Republican"",
  ""stance"": ""Establishment"",
  ""confidence"": 45,
  ""reasoning"": ""The measured, bipartisan tone emphasizing good faith negotiation and national interest suggests an establishment-oriented senator, but the vague rhetoric lacks strong partisan markers making confidence moderate.""
}",False,few-shot
2022-12-08 04:20:12,RepThompson,Congratulations to the City of Rohnert Park on their annual tree lighting celebration!,Democrat,1,2022,biden-era,False,Republican,Establishment,45,"Nonpartisan local community engagement tweet with no clear ideological markers, slightly more consistent with Republican senators' localized constituent service messaging style.","{
  ""leaning"": ""Republican"",
  ""stance"": ""Establishment"",
  ""confidence"": 45,
  ""reasoning"": ""Nonpartisan local community engagement tweet with no clear ideological markers, slightly more consistent with Republican senators' localized constituent service messaging style.""
}",False,few-shot
2021-04-07 19:51:03,SenatorWarnock,Last week I met with farmers and  producers across six Georgia counties to learnwhat morethe federalgovernment can do to help themnavigate thesupply chainchallengesbrought on by COVID-19.Im committedto continuing toamplifytheir voices and  stories in Congress.,Democrat,1,2021,biden-era,False,Republican,Establishment,72,"The focus on meeting with farmers and emphasizing constituent service with federal support reflects typical Republican establishment communication, though the non-partisan nature of the content and lack of partisan criticism limits confidence.","{
  ""leaning"": ""Republican"",
  ""stance"": ""Establishment"",
  ""confidence"": 72,
  ""reasoning"": ""The focus on meeting with farmers and emphasizing constituent service with federal support reflects typical Republican establishment communication, though the non-partisan nature of the content and lack of partisan criticism limits confidence.""
}",False,few-shot
2021-03-25 21:10:57,SenGaryPeters,"Today, I proudly voted to extend the Paycheck Protection Program because it's critical we give our small businesses and workers the support they need to stay afloat during this unprecedented economic crisis. I'll keep fighting for small businesses across Michigan.",Democrat,1,2021,biden-era,False,Republican,Establishment,72,"Support for PPP extension with pro-business framing is typical of Republican economic policy, though the moderate tone and lack of partisan rhetoric suggests establishment rather than populist positioning.","{
  ""leaning"": ""Republican"",
  ""stance"": ""Establishment"",
  ""confidence"": 72,
  ""reasoning"": ""Support for PPP extension with pro-business framing is typical of Republican economic policy, though the moderate tone and lack of partisan rhetoric suggests establishment rather than populist positioning.""
}",False,few-shot
2021-03-16 14:03:39,SenatorCollins,". in Portland has received more than $3.6 million to build, test, and  operate a river-powered turbine. This federal funding will accelerate the companys efforts to provide Mainers with clean, affordable energy.",Republican,0,2021,biden-era,True,Democrat,Establishment,78,"The tweet celebrates federal funding for clean energy infrastructure, which aligns with Democratic priorities on climate and environmental policy.","{
  ""leaning"": ""Democrat"",
  ""stance"": ""Establishment"",
  ""confidence"": 78,
  ""reasoning"": ""The tweet celebrates federal funding for clean energy infrastructure, which aligns with Democratic priorities on climate and environmental policy.""
}",False,few-shot
2021-02-04 19:07:30,lisamurkowski,"Every community has felt the impacts of #COVID19, but the financial disruption and health disparities it has caused have not been spread equally, as rural and remote communities have been particularly devastated.",Republican,0,2021,biden-era,True,Democrat,Populist,75,"The tweet emphasizes health disparities and the disproportionate impact on marginalized communities, which are Democratic priorities, while adopting a populist focus on rural and remote communities being left behind.","{
  ""leaning"": ""Democrat"",
  ""stance"": ""Populist"",
  ""confidence"": 75,
  ""reasoning"": ""The tweet emphasizes health disparities and the disproportionate impact on marginalized communities, which are Democratic priorities, while adopting a populist focus on rural and remote communities being left behind.""
}",False,few-shot
2022-11-18 17:49:30,RepCicilline,"Glad to see  is planning on focusing on things affecting everyday Americans, like gas prices and inflation…",Democrat,1,2022,biden-era,False,Republican,Populist,75,Focus on gas prices and inflation as everyday concerns reflects populist Republican messaging that prioritizes economic pressures over progressive policy initiatives.,"{
  ""leaning"": ""Republican"",
  ""stance"": ""Populist"",
  ""confidence"": 75,
  ""reasoning"": ""Focus on gas prices and inflation as everyday concerns reflects populist Republican messaging that prioritizes economic pressures over progressive policy initiatives.""
}",False,few-shot
2022-01-16 17:52:32,RepDavid,Tomorrow all Arizona national parks will have free entry in honor of MLK Day. Plan ahead & visit…,Republican,0,2022,biden-era,False,Democrat,Establishment,72,Honoring MLK Day and promoting national parks reflects Democratic values of civil rights commemoration and environmental conservation.,"{
  ""leaning"": ""Democrat"",
  ""stance"": ""Establishment"",
  ""confidence"": 72,
  ""reasoning"": ""Honoring MLK Day and promoting national parks reflects Democratic values of civil rights commemoration and environmental conservation.""
}",False,few-shot
2023-02-14 23:02:00,repvalhoyle,"What a great birthday wish from my friend and fellow port enthusiast  

He's right - nobody loves talk…",Democrat,1,2023,biden-era,False,Republican,Establishment,45,"The tweet's casual, friendly tone and focus on personal relationships with minimal political content makes classification difficult, but the informal style and emphasis on port infrastructure suggests a pragmatic Republican approach.","{
  ""leaning"": ""Republican"",
  ""stance"": ""Establishment"",
  ""confidence"": 45,
  ""reasoning"": ""The tweet's casual, friendly tone and focus on personal relationships with minimal political content makes classification difficult, but the informal style and emphasis on port infrastructure suggests a pragmatic Republican approach.""
}",False,few-shot
2021-08-02 21:17:19,repdavidscott,"Thank you, Mary, for trusting our team to assist with this case! If you need help with the IRS or another federal a…",Democrat,1,2021,biden-era,False,Republican,Establishment,45,"The tweet demonstrates constituent service and casework assistance, which is typical bipartisan Senate messaging, but the fragmented nature and focus on individual case help aligns slightly more with Republican service-oriented communication patterns.","{
  ""leaning"": ""Republican"",
  ""stance"": ""Establishment"",
  ""confidence"": 45,
  ""reasoning"": ""The tweet demonstrates constituent service and casework assistance, which is typical bipartisan Senate messaging, but the fragmented nature and focus on individual case help aligns slightly more with Republican service-oriented communication patterns.""
}",False,few-shot
2021-06-10 21:24:11,SenAngusKing,"Im gravely concerned about the safety of the men and women of Afghanistan who supported the mission of the U.S. troops as we withdraw. Today I urged  and  to help advance their expatriation process for strategic but more importantly, moral reasons.",Democrat,1,2021,biden-era,True,Republican,Establishment,72,"Expresses concern about Afghanistan withdrawal implementation and advocates for supporting those who worked with U.S. troops, reflecting establishment Republican foreign policy priorities rather than populist criticism of interventionism.","{
  ""leaning"": ""Republican"",
  ""stance"": ""Establishment"",
  ""confidence"": 72,
  ""reasoning"": ""Expresses concern about Afghanistan withdrawal implementation and advocates for supporting those who worked with U.S. troops, reflecting establishment Republican foreign policy priorities rather than populist criticism of interventionism.""
}",False,few-shot
2022-11-26 16:50:41,RepSusieLee,Small businesses are the fabric of our economy here in Southern Nevada. Get out there and #ShopSmall for all your n…,Democrat,1,2022,biden-era,False,Republican,Establishment,65,"Emphasis on small business and localized economic support aligns with Republican economic messaging, though the non-partisan nature of the tweet and absence of partisan rhetoric creates moderate confidence.","{
  ""leaning"": ""Republican"",
  ""stance"": ""Establishment"",
  ""confidence"": 65,
  ""reasoning"": ""Emphasis on small business and localized economic support aligns with Republican economic messaging, though the non-partisan nature of the tweet and absence of partisan rhetoric creates moderate confidence.""
}",False,few-shot
2021-08-10 20:09:19,SenatorCollins,I was proud to partner w/  to lead the negotiations on one of the most significant provisions for Maine -- $65 billion to expand high-speed Internet access. Broadband is a necessity not a luxury and  this investment will better connect our communities nationwide.,Republican,0,2021,biden-era,True,Democrat,Establishment,72,"The focus on infrastructure investment and bipartisan collaboration reflects Democratic policy priorities, while the measured tone and emphasis on working across party lines suggests establishment rather than populist positioning.","{
  ""leaning"": ""Democrat"",
  ""stance"": ""Establishment"",
  ""confidence"": 72,
  ""reasoning"": ""The focus on infrastructure investment and bipartisan collaboration reflects Democratic policy priorities, while the measured tone and emphasis on working across party lines suggests establishment rather than populist positioning.""
}",False,few-shot
2021-07-15 02:36:00,SenTomCotton,The House should pass this bill immediately and send it to President Bidens desk. The U.S. cannot support forced labor and religious persecution.,Republican,0,2021,biden-era,False,Democrat,Establishment,72,"Support for Biden and human rights legislation reflects Democratic establishment values, though the framing around forced labor and religious persecution could appeal across parties.","{
  ""leaning"": ""Democrat"",
  ""stance"": ""Establishment"",
  ""confidence"": 72,
  ""reasoning"": ""Support for Biden and human rights legislation reflects Democratic establishment values, though the framing around forced labor and religious persecution could appeal across parties.""
}",False,few-shot
2023-02-05 17:56:15,RepMTG,"Trump, top national security officials refute claim that Chinese spy balloons transited US under last admin.

There…",Republican,0,2023,biden-era,False,Democrat,Establishment,72,"The tweet defends the previous (Biden) administration against Trump criticism regarding Chinese spy balloons, using official sources to counter Trump's claims, which is typical establishment Democratic messaging.","{
  ""leaning"": ""Democrat"",
  ""stance"": ""Establishment"",
  ""confidence"": 72,
  ""reasoning"": ""The tweet defends the previous (Biden) administration against Trump criticism regarding Chinese spy balloons, using official sources to counter Trump's claims, which is typical establishment Democratic messaging.""
}",False,few-shot
2021-11-01 14:26:39,SenatorRomney,"Without the filibuster, whenever one party replaced the other as majority, tax and spending priorities, safety-net programs, and foreign policy would careen from one extreme to the other, creating uncertainty for families, employers, and global partners.",Republican,0,2021,biden-era,True,Democrat,Establishment,72,"The tweet defends the filibuster by emphasizing stability and bipartisanship, a position more commonly held by establishment Democrats concerned with institutional preservation and consensus governance.","{
  ""leaning"": ""Democrat"",
  ""stance"": ""Establishment"",
  ""confidence"": 72,
  ""reasoning"": ""The tweet defends the filibuster by emphasizing stability and bipartisanship, a position more commonly held by establishment Democrats concerned with institutional preservation and consensus governance.""
}",False,few-shot
2022-12-20 00:29:35,RepSylviaGarcia,"Make sure to keep up with the latest weather updates, and please stay prepared this holiday season!",Democrat,1,2022,biden-era,False,Republican,Establishment,45,"The generic, non-partisan nature of the tweet about weather preparedness is slightly more consistent with establishment Republican senators' tendency toward bland, non-controversial messaging, but confidence is low due to lack of distinguishing political content.","{
  ""leaning"": ""Republican"",
  ""stance"": ""Establishment"",
  ""confidence"": 45,
  ""reasoning"": ""The generic, non-partisan nature of the tweet about weather preparedness is slightly more consistent with establishment Republican senators' tendency toward bland, non-controversial messaging, but confidence is low due to lack of distinguishing political content.""
}",False,few-shot
2021-09-30 19:17:06,SenGillibrand,We can't wait to see everyone back again at the  on October th! The Members team is better than ever the #BadNewsBabes better watch out!  you're always welcome to join us! #BeatPress #BeatCancer,Democrat,1,2021,biden-era,False,Republican,Establishment,45,"The tweet's casual, social tone and focus on a sports/charitable event lacks distinctive partisan messaging, but the informal language and 'beat the press' framing slightly align with Republican communication style.","{
  ""leaning"": ""Republican"",
  ""stance"": ""Establishment"",
  ""confidence"": 45,
  ""reasoning"": ""The tweet's casual, social tone and focus on a sports/charitable event lacks distinctive partisan messaging, but the informal language and 'beat the press' framing slightly align with Republican communication style.""
}",False,few-shot
2021-07-27 16:58:27,SenAngusKing,"Mike Enzi was a dedicated public servant, a relentless advocate for Wyoming, and an eternal believer in calm bipartisanship. He followed the -20 ruleset aside the % where you disagree and work within the % where agreement can be found.",Democrat,1,2021,biden-era,True,Republican,Establishment,75,"The tweet praises Mike Enzi, a longtime Republican Senator from Wyoming, using language that emphasizes bipartisanship and traditional institutional values characteristic of establishment Republicans.","{
  ""leaning"": ""Republican"",
  ""stance"": ""Establishment"",
  ""confidence"": 75,
  ""reasoning"": ""The tweet praises Mike Enzi, a longtime Republican Senator from Wyoming, using language that emphasizes bipartisanship and traditional institutional values characteristic of establishment Republicans.""
}",False,few-shot
2021-10-08 21:38:00,RoyBlunt,"Telehealth has been a lifeline for many people throughout the pandemic. At a Commerce Committee hearing this week, I asked the panel to weigh in on how we can make telehealth more accessible:",Republican,0,2021,biden-era,False,Democrat,Establishment,72,"Focus on pandemic-related healthcare accessibility through telehealth reflects progressive Democratic healthcare policy priorities, expressed through formal committee work rather than populist messaging.","{
  ""leaning"": ""Democrat"",
  ""stance"": ""Establishment"",
  ""confidence"": 72,
  ""reasoning"": ""Focus on pandemic-related healthcare accessibility through telehealth reflects progressive Democratic healthcare policy priorities, expressed through formal committee work rather than populist messaging.""
}",False,few-shot
2022-06-02 20:13:37,MarioDB,"(1/2) Como dije cuando estos cambios se anunciaron por primera vez el mes pasado, aumentar los ingresos del régimen…",Republican,0,2022,biden-era,False,Democrat,Establishment,45,"The tweet is in Spanish discussing tax/revenue policy with measured tone, suggesting a pragmatic establishment Democrat, though limited context reduces confidence.","{
  ""leaning"": ""Democrat"",
  ""stance"": ""Establishment"",
  ""confidence"": 45,
  ""reasoning"": ""The tweet is in Spanish discussing tax/revenue policy with measured tone, suggesting a pragmatic establishment Democrat, though limited context reduces confidence.""
}",False,few-shot
2022-12-22 05:06:20,RepSylviaGarcia,"Another win! 

My bill the Energy Security and Lightering Independence Act passed the House. 

Now it will be headi…",Democrat,1,2022,biden-era,False,Republican,Establishment,72,Focus on passing legislation through conventional legislative process and emphasis on energy independence suggests establishment Republican priorities.,"{
  ""leaning"": ""Republican"",
  ""stance"": ""Establishment"",
  ""confidence"": 72,
  ""reasoning"": ""Focus on passing legislation through conventional legislative process and emphasis on energy independence suggests establishment Republican priorities.""
}",False,few-shot
2021-07-21 21:23:57,senrobportman,"Passing this historic infrastructure agreement wont just modernize and  upgrade our roads, bridges, ports and  other key infrastructure assets, it will lay the groundwork for long-term economic growth and prosperity.",Republican,0,2021,biden-era,False,Democrat,Establishment,72,"Support for infrastructure investment and emphasis on economic growth aligns with Democratic establishment priorities, though the moderate, bipartisan framing suggests a more establishment-oriented approach.","{
  ""leaning"": ""Democrat"",
  ""stance"": ""Establishment"",
  ""confidence"": 72,
  ""reasoning"": ""Support for infrastructure investment and emphasis on economic growth aligns with Democratic establishment priorities, though the moderate, bipartisan framing suggests a more establishment-oriented approach.""
}",False,few-shot
2022-07-13 16:29:04,RepRalphNorman,The expenses associated with raising a child begin months before birth. So I'm proud to co-sponsor,Republican,0,2022,biden-era,False,Democrat,Populist,85,Focus on child-rearing expenses and co-sponsorship of social support legislation aligns with Democratic priorities for family assistance and economic support for working families.,"{
  ""leaning"": ""Democrat"",
  ""stance"": ""Populist"",
  ""confidence"": 85,
  ""reasoning"": ""Focus on child-rearing expenses and co-sponsorship of social support legislation aligns with Democratic priorities for family assistance and economic support for working families.""
}",False,few-shot
2021-12-17 00:49:19,lisamurkowski,"In Alaska, there is an ongoing crisis of violence affecting women, children, and families. Supporting victims and addressing gaps in our justice system is a top priority of mine.",Republican,0,2021,biden-era,True,Democrat,Establishment,72,"Focus on social justice, victim support, and systemic reform aligns with Democratic priorities, while the measured, institutional tone suggests establishment rather than populist approach.","{
  ""leaning"": ""Democrat"",
  ""stance"": ""Establishment"",
  ""confidence"": 72,
  ""reasoning"": ""Focus on social justice, victim support, and systemic reform aligns with Democratic priorities, while the measured, institutional tone suggests establishment rather than populist approach.""
}",False,few-shot
2021-04-14 19:52:08,SenatorHagerty,GOP senators accuse Colin Kahl of tweeting classified information |  |,Republican,0,2021,biden-era,False,Democrat,Establishment,75,"The tweet appears to defend Colin Kahl against GOP accusations, using news framing that questions the legitimacy of Republican attacks on a Democratic nominee.","{
  ""leaning"": ""Democrat"",
  ""stance"": ""Establishment"",
  ""confidence"": 75,
  ""reasoning"": ""The tweet appears to defend Colin Kahl against GOP accusations, using news framing that questions the legitimacy of Republican attacks on a Democratic nominee.""
}",False,few-shot
